frame_id,timestamp,hold_id,blocked_part,label
0,1761037930.1485217,0,none,grip
48,1761037932.3918235,0,right_elbow,blocked
57,1761037932.8209715,0,none,grip
87,1761037934.2278783,0,right_elbow,blocked
102,1761037934.9173577,0,none,grip
105,1761037935.059075,0,right_elbow,blocked
108,1761037935.1986017,0,none,grip
114,1761037935.4816203,0,right_elbow,blocked
117,1761037935.618678,0,none,grip
126,1761037936.044423,0,right_elbow,blocked
135,1761037936.468078,0,none,grip
141,1761037936.7542071,0,right_elbow,blocked
150,1761037937.1861491,0,none,grip
219,1761037940.3664472,0,left_upper_arm,blocked
225,1761037940.6364317,0,torso,blocked
231,1761037940.911219,0,head,blocked
